prefix,iri
http://dbpedia.org/property/18,nss191
http://dbpedia.org/property/17,nss54
http://dbpedia.org/property/sequencer/,nss310
http://dbpedia.org/property/16,nss226
http://dbpedia.org/property/capacityBbl/,nss414
http://dbpedia.org/property/15,nss102
http://dbpedia.org/property/14,nss146
http://dbpedia.org/property/venue(s),nsi632
http://dbpedia.org/property/villageCode(census2011),nsi880
http://dbpedia.org/property/13,nss39
http://dbpedia.org/property/12,nss81
http://dbpedia.org/property/quererKkeos,,nss387
http://dbpedia.org/property/11,nss198
http://dbpedia.org/property/chairperson(municipalCorporation),nsi711
http://dbpedia.org/property/incident(s),nsi846
http://dbpedia.org/property/10,nss74
http://dbpedia.org/property/1983,nss90
http://dbpedia.org/property/nativeName(malay),nsi931
http://dbpedia.org/property/1.,nsi839
http://dbpedia.org/property/s/,nss311
http://dbpedia.org/property/1986,nss299
http://dbpedia.org/property/weight(inBattery),nsi731
http://dbpedia.org/property/1500,nss305
http://dbpedia.org/property/1984,nss520
http://dbpedia.org/property/principalManuscript(s),nsi719
http://dbpedia.org/property/artistBiographiesForBruceAndNormanYonemoto(i.a.3165)IsInTheMuseum'sGeneralExhibitionDocumentation,,nsi726
http://dbpedia.org/property/pantothenicAcid(b5),nsi899
http://dbpedia.org/property/s&,nss116
http://dbpedia.org/property/hangl/chosn',nsi739
http://dbpedia.org/property/2009,2010,,nsi727
http://dbpedia.org/property/circulation15,000,nss434
http://dbpedia.org/property/height(inch),nsi670
http://dbpedia.org/property/publisher/,nss195
http://dbpedia.org/property/29,nss306
http://dbpedia.org/property/28,nss49
http://dbpedia.org/property/27,nss223
http://dbpedia.org/property/peakOfProductionGasMmcuft/,nss101
http://dbpedia.org/property/26,nss105
http://dbpedia.org/property/25,nss257
http://dbpedia.org/property/1990,nss404
http://dbpedia.org/property/spouse(s),nsi652
http://dbpedia.org/property/%22%7D%5CnewStaff%5CrelativeC'%7B%5CkeyC%5Cmajor%5CclefBass%5Ctime8/4AD,GC,FB,EA,%7D%3E%3E%7D%5Clayout%7B%5Ccontext%7B%5Cscore%5C,nsi746
http://dbpedia.org/property/24,nss35
http://dbpedia.org/property/sodium(inMg),nsi957
http://dbpedia.org/property/23,nss139
http://dbpedia.org/property/maximumPressure(saami),nsi611
http://dbpedia.org/property/22,nss22
http://dbpedia.org/property/cat+,nss485
http://dbpedia.org/property/21,nss95
http://dbpedia.org/property/1994,nss445
http://dbpedia.org/property/member',nsi700
http://dbpedia.org/property/20,nss67
http://dbpedia.org/property/1993,nss550
http://dbpedia.org/property/1992,nss133
http://dbpedia.org/property/1991,nss261
http://dbpedia.org/property/2.,nss540
http://dbpedia.org/property/t/,nss65
http://dbpedia.org/property/1998,nss477
http://dbpedia.org/property/1997,nss19
http://dbpedia.org/property/1996,nss179
http://dbpedia.org/property/1995,nss322
http://dbpedia.org/property/internationalCup(s)AfcCup(playOffStage),nsi767
http://dbpedia.org/property/1989,nss458
http://dbpedia.org/property/t&,nss454
http://dbpedia.org/property/t$,nsi937
http://dbpedia.org/property/lyrics&,nss119
http://dbpedia.org/property/player.php%3F,nss71
http://dbpedia.org/property/trainNumber(s),nsi651
http://dbpedia.org/property/europe,MiddleEast&,nss247
http://dbpedia.org/property/19,nss401
http://dbpedia.org/property/%3C/nowiki%3E,nss20
http://dbpedia.org/property/deputyMayor,,nss423
http://dbpedia.org/property/gomez&Silk%22thisSamdhiIsAtTheSameTimeTheCognitiveExperienceOfEmptiness,TheAttainmentOfTheAttributesOfBuddhahood,AndThePerformanceOfAVarietyOfPracticesOrDailyActivitiesOfABodhisattvaincludingServiceAndAdorationAtTheFeetOfAllBuddhas.TheWordSamdhiIsAlsoUsedToMeanTheStraItself.Consequently,WeCanSpeakOfAnEquation,Stra%3Cnowiki%3E,nss253
http://dbpedia.org/property/captainsSouravGanguly(india),InzamamUlHaq(pakistan).,nsi875
http://dbpedia.org/property/previousYear',nsi619
http://dbpedia.org/property/.%22%7D%7D%5Clayout%7B%5Ccontext%7B%5Cscore%5ComitBarnumber%7D,nss372
http://dbpedia.org/property/1958,nss494
http://dbpedia.org/ontology/Work/,nsi592
http://dbpedia.org/property/layyah%5D%5D,nss282
http://dbpedia.org/property/8.08.,nsi836
http://dbpedia.org/property/officer(ceo),nsi855
http://dbpedia.org/property/boats&,nss373
http://dbpedia.org/property/pressureMbar/,nss137
http://dbpedia.org/property/''online''editor',nsi925
http://dbpedia.org/property/dlf/krf/,nss83
http://dbpedia.org/property/,VideoRecordingQvga(320x240)2,nsi906
http://dbpedia.org/property/r/,nss88
http://dbpedia.org/property/captain/,nss26
http://dbpedia.org/property/%5C011,nss213
http://dbpedia.org/property/1976,nss361
http://dbpedia.org/property/keyPeople(bsc),nsi787
http://dbpedia.org/property/musicAdapted,,nss470
http://www.georss.org/georss/,nsi590
http://dbpedia.org/ontology/PopulatedPlace/,nsi593
http://dbpedia.org/property/a%5D%5D%3C/sup%3E%3Cbr%3E%22songOfTheGermans%22%3Cbr%3E(19521990)%3Cbr%3E%3C,nsi963
http://dbpedia.org/property/mane/,nss535
http://dbpedia.org/property/shipBeam/,nss356
http://dbpedia.org/property/social/,nss228
http://dbpedia.org/property/director(miniRugby),nsi944
http://dbpedia.org/property/53,nss329
http://dbpedia.org/property/52,nss314
http://dbpedia.org/property/51,nss302
http://dbpedia.org/property/50,nss147
http://dbpedia.org/property/populationAsOf18+,nss481
http://dbpedia.org/property/w/,nss504
http://dbpedia.org/property/5+,nss201
http://dbpedia.org/property/dlf/sp/,nss301
http://dbpedia.org/property/constructor(s),nsi718
http://dbpedia.org/property/informal%25,nss196
http://dbpedia.org/property/formerDepotCodes),nsi908
http://dbpedia.org/property/planeOrCopter%3F,nss382
http://dbpedia.org/property/ground(s),nsi725
http://dbpedia.org/property/airport&,nss175
http://dbpedia.org/property/67,nss379
http://dbpedia.org/property/20092013,nss96
http://dbpedia.org/property/granTan%5D,nss240
http://dbpedia.org/property/socialMedia/Design/,nss104
http://dbpedia.org/property/populationTotal(town+SurroundingAreas),nsi819
http://dbpedia.org/property/63,nss183
http://dbpedia.org/property/diskLoadingLb/,nss236
http://dbpedia.org/property/62,nss171
http://dbpedia.org/property/6.06.,nsi834
http://dbpedia.org/property/61,nss154
http://dbpedia.org/property/tpb%23,nss273
http://dbpedia.org/property/populationAsOf19,,nsi896
http://dbpedia.org/property/either%22igumen%22MeansSmthElseInRussianThanInEnglish,,nss176
http://dbpedia.org/property/author(s),nsi631
http://dbpedia.org/property/rd1Score06''',nsi721
http://dbpedia.org/property/pushpinMapsize1%60,nss51
http://dbpedia.org/property/dlf/h/,nss59
http://dbpedia.org/property/150,nss298
http://dbpedia.org/property/caps(goals),nsi710
http://dbpedia.org/property/33,nss553
http://dbpedia.org/property/32,nss206
http://dbpedia.org/property/mass(jupiterMasses),nsi912
http://dbpedia.org/property/31,nss82
http://dbpedia.org/property/30,nss245
http://dbpedia.org/property/spouse(ex),nsi815
http://dbpedia.org/property/'''day''',nsi876
http://dbpedia.org/property/u+,nss313
http://dbpedia.org/property/1999,nss367
http://dbpedia.org/property/9000,nss180
http://dbpedia.org/property/speedKm/,nss411
http://dbpedia.org/property/otherName'',nsi830
http://dbpedia.org/property/writer(s),nsi840
http://dbpedia.org/property/president',nsi804
http://dbpedia.org/property/president&,nss129
http://dbpedia.org/property/'''onlineServices''',nsi895
http://dbpedia.org/property/commercial%3F,nss118
http://dbpedia.org/property/49,nss291
http://dbpedia.org/property/vitc(inMg),nsi960
http://dbpedia.org/property/chiefOfficer&,nss56
http://dbpedia.org/property/president/,nss229
http://dbpedia.org/property/43,nss109
http://dbpedia.org/property/women's7',nsi780
http://dbpedia.org/property/principalConductor''',nsi623
http://dbpedia.org/property/42,nss435
http://dbpedia.org/property/41,nss421
http://dbpedia.org/property/club/,nss174
http://dbpedia.org/property/turbo/,nss447
http://dbpedia.org/property/v/,nss239
http://dbpedia.org/property/state/,nss326
http://dbpedia.org/property/afr%25,nss492
http://dbpedia.org/property/scribe(s),nsi653
http://dbpedia.org/property/h/krf/dlf/sp/,nss525
http://dbpedia.org/property/reportedDeath(s),nsi616
http://dbpedia.org/property/7.07.,nsi835
http://dbpedia.org/property/vitb6(inMg),nsi959
http://dbpedia.org/property/in1917UsDollars.TheExchangeRateUsed%3Cnowiki%3E(1,nsi851
http://dbpedia.org/property/lutein+,nss358
http://dbpedia.org/property/chairperson',nsi736
http://dbpedia.org/property/teamManager/,nss225
http://dbpedia.org/property/%7BBreak%7D,nss461
http://dbpedia.org/property/fromterms%23,nss362
http://dbpedia.org/property/headOfLegal/,nss567
http://dbpedia.org/property/1/4,nss250
http://dbpedia.org/property/cost(ntResidentOnly),nsi703
http://dbpedia.org/property/student/,nss317
http://dbpedia.org/property/chairman&,nss166
http://dbpedia.org/property/dlf/h/sp/,nss141
http://dbpedia.org/property/annualRidership(2013),nsi849
http://www.w3.org/ns/prov#,nsi590
http://dbpedia.org/property/tire,F/,nss113
http://dbpedia.org/property/chairman,,nss194
http://dbpedia.org/property/poll%232,nss278
http://dbpedia.org/property/productionGasMmcuft/,nss157
http://dbpedia.org/property/poll%231,nss283
http://dbpedia.org/property/othe%60%60,nss559
http://dbpedia.org/property/leader/,nss397
http://dbpedia.org/property/dryResidue(180DegreesC),nsi882
http://dbpedia.org/property/sibling(s),nsi797
http://dbpedia.org/property/flowrateM3/,nss327
http://dbpedia.org/property/leader',nsi907
http://dbpedia.org/property/chairman/,nss271
http://dbpedia.org/property/bench3F/,nss570
http://dbpedia.org/property/100,nss260
http://dbpedia.org/property/y%25,nss50
http://dbpedia.org/property/''starhorse2FifthExpansion''*FiscalYearEnded31March20102.8&nbsp;billion*FiscalYearEnded31March20112&nbsp;billion*CurrencyConversion**2.8,nsi695
http://dbpedia.org/property/teacher(s),nsi778
http://dbpedia.org/property/easternSuburbs&,nss222
http://dbpedia.org/property/totalGrants&,nss446
http://dbpedia.org/property/subdivisionType2%5D%5D',nsi763
http://dbpedia.org/property/formulaOfLove%3Cnowiki%3Eo+,nss381
http://dbpedia.org/property/totalSeats%25,nss284
http://dbpedia.org/property/''p'',nsi888
http://dbpedia.org/property/5000,nss36
http://dbpedia.org/property/episodes8&nbsp;,nsi712
http://dbpedia.org/property/pub%23,nss554
http://dbpedia.org/property/bench3G/,nss527
http://www.ontologydesignpatterns.org/ont/dul/DUL.owl#,nss4
http://dbpedia.org/property/sportsReporter,,nss395
http://dbpedia.org/property/averageAttendance(league),nsi633
http://dbpedia.org/property/rank(iam),nsi685
http://dbpedia.org/property/7',nsi758
http://dbpedia.org/property/spill/,nss335
http://dbpedia.org/property/120,nss344
http://dbpedia.org/property/c''%5E%5Cmarkup%7B%5Cnote%7B1.%7D%23,nsi926
http://dbpedia.org/property/restingPlace(gadduge),nsi676
http://dbpedia.org/property/''otanoshimiHizVideo+ZenSingleClip%3Cnowiki%3E,nsi751
http://dbpedia.org/property/sectors(valueAdded),nsi771
http://dbpedia.org/property/northShore&,nss398
http://dbpedia.org/property/125,nss34
http://dbpedia.org/property/sv/,nss100
http://dbpedia.org/property/minorForwardProduct(s),nsi613
http://dbpedia.org/property/80,nss42
http://dbpedia.org/property/headquarterOfThePeople',nsi935
http://dbpedia.org/property/67,000,nss149
http://dbpedia.org/property/1lEnrollmentFall',nsi732
http://dbpedia.org/property/viceCaptain(s),nsi592
http://dbpedia.org/property/creator(s),nsi601
http://dbpedia.org/property/shipSpeedAfterReboilering(1898),nsi909
http://dbpedia.org/property/psaMostRecentChampion(s),nsi648
http://dbpedia.org/property/%22theArea%22,nss290
http://dbpedia.org/property/icapps(points),nsi643
http://dbpedia.org/property/leftOutIntermediateBronze(ib),AkaEbIv/,nsi730
http://dbpedia.org/property/us/,nss233
http://dbpedia.org/property/7000,nss122
http://dbpedia.org/property/nonbi%23,nss366
http://dbpedia.org/property/master',nsi827
http://dbpedia.org/property/1943,nss515
http://dbpedia.org/property/20061115,nss528
http://dbpedia.org/property/stops(intermediate),nsi903
http://dbpedia.org/property/ncaaIi/,nss72
http://dbpedia.org/property/.%22%7D%5Caddlyrics%7BPulTusEst,SePulTusEst.%7D%3E%3E%5CnewStaff%3C%3C%5C,nss390
http://dbpedia.org/property/cyears1,,nss370
http://dbpedia.org/property/shalalile/,nss394
http://dbpedia.org/property/radio',nsi740
http://dbpedia.org/property/gr9%23,nss204
http://dbpedia.org/property/section%5C,nss91
http://dbpedia.org/property/sp/,nss167
http://dbpedia.org/property/topSpeed(standardNoRestrictions),nsi691
http://dbpedia.org/property/populationAsOf11,,nsi897
http://dbpedia.org/property/landArea(sq.Mi),nsi754
http://dbpedia.org/property/iron(inMg),nsi950
http://dbpedia.org/property/battles/,nss244
http://dbpedia.org/property/originCity(hometown),nsi832
http://dbpedia.org/property/300,nss364
http://dbpedia.org/property/krf/sp/,nss510
http://dbpedia.org/property/bench1F/,nss212
http://dbpedia.org/property/lit.%22you%3Cnowiki%3E,nss234
http://dbpedia.org/property/club(s),nsi609
http://dbpedia.org/property/change%25,nss200
http://dbpedia.org/property/n%7D,nss351
http://dbpedia.org/property/inflationRate(consumerPrices),nsi772
http://dbpedia.org/property/coachwin%25,nss92
http://dbpedia.org/property/%3Cbr/%3E,nss508
http://dbpedia.org/property/%3Ctimeline%3E,nss375
http://dbpedia.org/property/colorc%23,nss469
http://dbpedia.org/property/vagueUseOfTermsLeadsToMistakes.TheTypeSite,Tul.Gh.,ShowsContinuityBetweenItsOwnLateNeolithicAndEarlyChalcolithicPhases.ThisDoesNotMeanThatThePhase/culture%22ghassulian%22,NamedAfterTheSite,IsIdenticalWithTheEntiretyOfTheLevantineChalcolithic,SoItsDatesShouldBeBasedOnAllGhassulianSites,NotJustT.Gh.ResultAStartingDateOf%22mid5m%22,nss249
http://dbpedia.org/property/image',nsi743
http://dbpedia.org/property/projectFounder(s),nsi807
http://dbpedia.org/property/seniorEditor,,nss424
http://dbpedia.org/property/push~,nss255
http://dbpedia.org/property/bench1G/,nss145
http://dbpedia.org/property/image+,nss148
http://dbpedia.org/property/gravePlace(s),nsi665
http://dbpedia.org/property/carNumber(s),nsi715
http://dbpedia.org/property/howIsThisAHiddenMeaning%3F,nss497
http://dbpedia.org/property/founder(s),nsi764
http://dbpedia.org/property/''borderBreak''*FiscalYearEnded31March20103.3&nbsp;billion*FiscalYearEnded31March20112.5&nbsp;billion*FiscalYearEnded31March20122.3&nbsp;billion*1stQuarterEnded30June20120.5&nbsp;billion*CurrencyConversion**3.3,nsi692
http://dbpedia.org/property/strength&,nss165
http://dbpedia.org/property/area,,nss585
http://dbpedia.org/property/ap/sp/,nss523
http://dbpedia.org/property/keel&,nss495
http://dbpedia.org/property/fuel&,nss134
http://dbpedia.org/property/trailBogie/,nss324
http://dbpedia.org/property/judge',nsi623
http://dbpedia.org/property/literacyRate(%25),nsi858
http://dbpedia.org/property/carrier(s),nsi616
http://dbpedia.org/property/yr.%3Cnowiki%3E,nss456
http://dbpedia.org/property/area(s),nsi891
http://www.ontologydesignpatterns.org/ont/d0.owl#,nss9
http://dbpedia.org/property/(42,),nsi862
http://dbpedia.org/property/%3Csmall%3E%3C,nss441
http://dbpedia.org/property/currentMen',nsi656
http://dbpedia.org/property/1997PresentClapps(points),nsi733
http://dbpedia.org/property/fire+Ashes+,nss274
http://dbpedia.org/property/3000,nss576
http://dbpedia.org/property/''sangokushiTaisen3''*FiscalYearEnded31March20101.8&nbsp;billion*FiscalYearEnded31March20112.6&nbsp;billion*CurrencyConversion**1.8,nsi693
http://dbpedia.org/property/image&nbsp;&nbsp;&nbsp;,nsi873
http://dbpedia.org/property/starterG/,nss578
http://dbpedia.org/property/middle/,nss152
http://dbpedia.org/property/%22commandVehicle%22,nss464
http://dbpedia.org/property/starterF/,nss99
http://dbpedia.org/property/instagram/,nss47
http://dbpedia.org/property/liga3(2008),nsi870
http://dbpedia.org/property/pantothenic(inMg),nsi954
http://dbpedia.org/property/season2021/2022SerieC1Futsal(primoClassificato),nsi884
http://dbpedia.org/property/(,42),nsi861
http://dbpedia.org/property/tiesW/,nss164
http://dbpedia.org/property/operators&,nss66
http://dbpedia.org/property/report&nbsp;&nbsp;,nsi594
http://dbpedia.org/property/500,nss16
http://dbpedia.org/property/ispartaFirstAmateurLeague,1,nss563
http://dbpedia.org/property/locale%25,nss368
http://dbpedia.org/property/speed2Km/,nss142
http://dbpedia.org/property/facebookWww.facebook.com/druke2017/%3F,nss182
http://dbpedia.org/property/nameChange(s),nsi744
http://purl.org/ontology/bibo/,nss7
http://dbpedia.org/property/secondaryMembers(%3E5%25),nsi795
http://dbpedia.org/property/chromosome(yeast),nsi886
http://dbpedia.org/property/seats67+,nss325
http://dbpedia.org/property/coach(es),nsi729
http://dbpedia.org/property/death12.september,2012,nss465
http://dbpedia.org/property/isbn%23,nss460
http://dbpedia.org/property/cello,,nss512
http://dbpedia.org/property/chairmanYouthDivision),nsi940
http://dbpedia.org/property/headquarter(nizamuddinFaction),nsi622
http://dbpedia.org/property/telephone/,nss308
http://dbpedia.org/property/wardrobe&,nss384
http://dbpedia.org/property/totalDamages(usd),nsi622
http://dbpedia.org/property/linecolor&nbsp;&nbsp;&nbsp;&nbsp;,nsi802
http://dbpedia.org/property/officialName%5E%5E%5Eemilyvvvv%5E%5E%5E,nss569
http://dbpedia.org/property/accelerationKm/,nss380
http://dbpedia.org/property/seats%25,nss561
http://dbpedia.org/property/wife(wives),nsi745
http://dbpedia.org/property/teacher%23,nss354
http://dbpedia.org/property/averageAttendance(telstraDome),nsi627
http://dbpedia.org/property/onlySnippetsAvailableOnline,ButProbablyP.271,Not241.MaterialHerePoorlyEdited,,nss156
http://dbpedia.org/property/''worldClubChampionFootballIntercontinentalClubs''*FiscalYearEnded31March20104.2Billion*FiscalYearEnded31March20113.8&nbsp;billion*FiscalYearEnded31March20123.6&nbsp;billion*1stQuarterEnded30June20120.5&nbsp;billion*CurrencyConversion**4.2,nsi697
http://dbpedia.org/property/badajoz%3C,nss402
http://dbpedia.org/property/52/,nss431
http://dbpedia.org/property/20020122,nss529
http://dbpedia.org/property/internationalCup(s),nsi604
http://dbpedia.org/property/headOfNews&,nss472
http://dbpedia.org/property/bore',nsi755
http://dbpedia.org/property/name''',nsi808
http://dbpedia.org/property/captain(women),nsi817
http://dbpedia.org/property/rims,F/,nss565
http://dbpedia.org/property/nextYear',nsi618
http://dbpedia.org/property/gdp(nominal),nsi932
http://dbpedia.org/property/managingDirector/,nss160
http://dbpedia.org/property/motto'''',nsi706
http://dbpedia.org/property/'''note''',nsi962
http://dbpedia.org/property/productionGasMmscm/,nss331
http://dbpedia.org/property/grsp%23,nss543
http://dbpedia.org/property/chairman(minisDivision),nsi938
http://dbpedia.org/property/thrust(sl),nsi658
http://dbpedia.org/property/assembly%23,nss426
http://dbpedia.org/property/colora%23,nss584
http://dbpedia.org/property/winner(s),nsi591
http://dbpedia.org/property/@%22(%3F%3CnumInt%3E%5Cd+)%5Cw+%22,nsi864
http://dbpedia.org/property/send/,nss115
http://dbpedia.org/property/pincode(s),nsi811
http://dbpedia.org/property/cupWinners',nsi639
http://dbpedia.org/ontology/School/,nsi605
http://dbpedia.org/property/vitb6(pyridoxine),nsi879
http://dbpedia.org/property/,nss10
http://dbpedia.org/property/human+,nss509
http://dbpedia.org/property/landArea(sq.Km),nsi753
http://dbpedia.org/property/ketinggian/,nss333
http://dbpedia.org/property/largestparish/,nss150
http://dbpedia.org/property/105,000,000,nss568
http://dbpedia.org/property/mazurek,,nss357
http://dbpedia.org/ontology/Rocket/,nsi608
http://dbpedia.org/property/some(n),nsi866
http://dbpedia.org/property/elevation/,nss48
http://dbpedia.org/property/theBodySaysThereWere21PeopleOnBoard.16Dead+5,nss130
http://dbpedia.org/property/2020/06/24/85,nss438
http://dbpedia.org/property/collector',nsi924
http://dbpedia.org/property/nonsensical.WhoCastHer,TheUs%22creators%22,nss462
http://dbpedia.org/property/shouldn',nsi728
http://dbpedia.org/property/ceo/,nss78
http://dbpedia.org/property/nieces/,nss294
http://dbpedia.org/property/ton.%3Cnowiki%3E,nss153
http://dbpedia.org/property/discoveriesSince2018;,nss293
http://dbpedia.org/property/uic/germany/,nss562
http://dbpedia.org/property/years1,,nss564
http://dbpedia.org/property/gr11%23,nss237
http://dbpedia.org/property/name%3Cnowiki%3E,nss486
http://dbpedia.org/ontology/ChemicalSubstance/,nsi610
http://dbpedia.org/property/retired%23,nss371
http://dbpedia.org/property/captain(s),nsi708
http://dbpedia.org/property/2010&2014,nss557
http://dbpedia.org/property/maximaleStauhhe(historical),nsi783
http://dbpedia.org/property/team(s),nsi654
http://dbpedia.org/property/assembly/,nss450
http://dbpedia.org/property/originalOwnerAnd/orOperatorOfTheShipOrTheirAgent.ContemporaneousNewspaperSourcesRarelyStateToWhichCategoryANamedPartyBelongs,ThoughOtherSourcesMayProvideClarification.AbbreviationsFc%3Cnowiki%3E,nss409
http://dbpedia.org/property/rank/,nss339
http://dbpedia.org/ontology/Automobile/,nsi600
http://dbpedia.org/property/clubB&,nss112
http://dbpedia.org/property/footnotesCurrentMla(2019),nsi717
http://dbpedia.org/property/massachusettsNowRequires40%25RpsBy2030,But35%25+9x1%25,nss248
http://dbpedia.org/property/wife',nsi843
http://dbpedia.org/property/%3C/,nss211
http://dbpedia.org/property/literacy(2018),nsi946
http://dbpedia.org/property/caseCapacity(grainsWater),nsi612
http://dbpedia.org/property/oilProductionBbl/,nss420
http://dbpedia.org/property/harfEMukatta',nsi668
http://dbpedia.org/property/city/,nss405
http://dbpedia.org/property/shipBuilder(hull),nsi640
http://dbpedia.org/property/partner(s),nsi683
http://dbpedia.org/property/typicalInternationalNumberFormat(mobile),nsi917
http://dbpedia.org/property/incorperated(town),nsi965
http://dbpedia.org/property/captainMen',nsi922
http://dbpedia.org/property/(assistant),nsi786
http://dbpedia.org/property/equipmentManager/,nss406
http://dbpedia.org/property/knight',nsi624
http://dbpedia.org/property/%3Cnowiki%3EtotalGdpCalculatedAsSumOfGasabo,KicukiroAndNyarugengeDistricts$925,037,044+$537,601,961+$371,304,,nsi824
http://dbpedia.org/property/'''record''',nsi814
http://dbpedia.org/property/composer(s),nsi883
http://dbpedia.org/property/formerSchool(s),nsi677
http://dbpedia.org/property/nkp/,nss292
http://dbpedia.org/property/centralCoast&,nss428
http://dbpedia.org/property/1.MixOfReferenceStyleForJosephus(%2218.27%22OneStyle,%2214.1.4%22Another),VeryPoor.2.HeWritesBetharamphthaWithPh.3.AsWeSeeFromTheQuotedLinesByJosephus,,nsi921
http://dbpedia.org/property/producer/,nss427
http://dbpedia.org/property/nationa;,nss190
http://dbpedia.org/property/track(s),nsi853
http://dbpedia.org/property/na%23,nss393
http://dbpedia.org/property/allMusic&,nss80
http://dbpedia.org/property/settlementDesZonesMbiriziEncoreIlT',nsi602
http://dbpedia.org/property/minorReverseProduct(s),nsi789
http://dbpedia.org/property/jr/,nss124
http://dbpedia.org/property/sc,,nss187
http://dbpedia.org/property/''sengokuTaisen''*FiscalYearEnded31March20116.4&nbsp;billion*FiscalYearEnded31March20121.2&nbsp;billionCurrencyConversion*6.4,nsi694
http://dbpedia.org/property/director/,nss496
http://dbpedia.org/property/height(m),nsi930
http://dbpedia.org/property/children',nsi964
http://dbpedia.org/property/matchW/,nss355
http://dbpedia.org/property/catches/,nss392
http://dbpedia.org/property/presentingTheAncientSiteAsPartOfTheBedouinVillageSeemsPoorlySupportedByEvidence,See%22,nss459
http://dbpedia.org/property/toLeft!,nsi720
http://dbpedia.org/property/formerPartner(s),nsi750
http://dbpedia.org/property/dlf/h/krf/,nss360
http://dbpedia.org/property/significantOther(s),nsi610
http://dbpedia.org/property/cleanSurveyMissionRank(),nsi704
http://dbpedia.org/property/turnout%25,nss479
http://dbpedia.org/property/pleasureTreasureVideo+AllSingleClips%3Cnowiki%3E,nss186
http://dbpedia.org/property/raas(mood),nsi714
http://dbpedia.org/property/calcium(inMg),nsi949
http://dbpedia.org/property/presidents',nsi682
http://dbpedia.org/property/typicalLocalNumberFormat(landline),nsi918
http://dbpedia.org/property/population),nsi716
http://dbpedia.org/property/chanda(meter),nsi947
http://dbpedia.org/property/thrust(vac),nsi615
http://dbpedia.org/property/coinOfBrajanathSingha,,nss172
http://dbpedia.org/ontology/Planet/,nsi597
http://dbpedia.org/property/soleExampleOfType%3F,nss53
http://dbpedia.org/property/language(s),nsi647
http://dbpedia.org/property/captainWomen',nsi923
http://dbpedia.org/property/yes%25,nss13
http://dbpedia.org/property/travel,F/,nss252
http://dbpedia.org/property/2pp%25,nss342
http://dbpedia.org/property/useSe%25,nss15
http://dbpedia.org/property/31/05/1987,nss316
http://dbpedia.org/property/monarch',nsi775
http://dbpedia.org/property/attendance91,,nsi635
http://dbpedia.org/property/camera/,nss287
http://dbpedia.org/property/shogunate(s),nsi664
http://dbpedia.org/property/aBigMess.TheDistinctionIsBetweenArtificialAndNatural.ArtificialCanBeMoatsOrPonds,NaturalRivers,Marshes,Ponds,Lakes,OrTheSea.TheProblemOfLakeshoreCastlesAsListedHere(seeCh),ButWhoAreInNoWaySurroundedByWater,,nsi948
http://dbpedia.org/property/showsBoys,,nss215
http://dbpedia.org/property/populationDensity(perSquareKm),nsi813
http://dbpedia.org/property/brother(s),Sister(s),nsi741
http://dbpedia.org/property/cost(adult),nsi701
http://dbpedia.org/property/%22%7D%5CnewStaff%5CrelativeC'%7B%5CkeyC%5Cmajor%5CclefBass%5Ctime8/4CF,BE,AD,GC,%7D%3E%3E%7D%5Clayout%7B%5Ccontext%7B%5Cscore%5C,nsi747
http://dbpedia.org/property/participation(total),nsi905
http://dbpedia.org/property/power/,nss231
http://dbpedia.org/property/crew(nov.21,1916),nsi792
http://dbpedia.org/property/officers/,nss173
http://dbpedia.org/property/1000,nss546
http://dbpedia.org/property/wctWomen',nsi821
http://dbpedia.org/property/booker(s),nsi600
http://dbpedia.org/property/stipulation(s),nsi723
http://dbpedia.org/property/queen',nsi624
http://dbpedia.org/property/coach(men),nsi818
http://dbpedia.org/property/currentWomen',nsi657
http://dbpedia.org/property/memberOfTheLegislativeAssembly(mla),nsi768
http://dbpedia.org/property/cio/,nss86
http://dbpedia.org/property/elroyAjido',nsi770
http://dbpedia.org/property/times/,nss87
http://dbpedia.org/property/price,,nss532
http://dbpedia.org/property/engine(prop),nsi660
http://dbpedia.org/property/allWriting&,nss243
http://dbpedia.org/property/fuelConsumptionLb/,nss241
http://dbpedia.org/property/usingTheScaleOnThe%22feb.17,1921%22,nss484
http://dbpedia.org/property/lord(s),nsi666
http://dbpedia.org/property/accounting/,nss473
http://dbpedia.org/property/sndiX',nsi929
http://dbpedia.org/property/digitalAudioI/,nss501
http://dbpedia.org/property/chromosome(humans),nsi885
http://dbpedia.org/property/weight(st),nsi672
http://dbpedia.org/property/motive(s),nsi859
http://schema.org/,nss2
http://dbpedia.org/property/averageGoals/,nss574
http://dbpedia.org/property/sa/,nss58
http://dbpedia.org/property/population(2010),nsi874
http://dbpedia.org/ontology/GrandPrix/,nsi599
http://dbpedia.org/property/innerWest&,nss533
http://dbpedia.org/property/f%3F,nss350
http://dbpedia.org/property/whatIsThis%3F%7D,nss468
http://dbpedia.org/property/pitch(s),nsi705
http://dbpedia.org/property/dlf/h/krf/sp/,nss23
http://dbpedia.org/property/leader(mpa),nsi966
http://dbpedia.org/property/h/sp/,nss304
http://dbpedia.org/property/no%25,nss98
http://dbpedia.org/property/longTitle&nbsp;&nbsp;&nbsp;&nbsp;,nsi803
http://dbpedia.org/property/howLargeIsLarge%3F,nss93
http://dbpedia.org/property/lake%22,nss352
http://dbpedia.org/property/bigJoe,,nss12
http://dbpedia.org/property/peakOfProductionGasBcm/,nss256
http://dbpedia.org/property/tvPartner(s),nsi637
http://dbpedia.org/property/pop'''leek''',nsi894
http://dbpedia.org/property/director(coltsRugby),nsi943
http://dbpedia.org/property/niacin(inMg),nsi953
http://dbpedia.org/property/promotion(s),nsi724
http://dbpedia.org/property/dlf/,nss114
http://dbpedia.org/property/value,,nsi738
http://dbpedia.org/property/inUnsourcedExplanationUsedHere,,nss94
http://dbpedia.org/property/060,nss545
http://dbpedia.org/property/position1,Position2,Position3,Position4,&,nss60
http://www.w3.org/2000/01/rdf-schema#,rdfs
http://dbpedia.org/property/music&,nss276
http://dbpedia.org/property/.%22%7D%3E%3E%5CnewStaff%3C%3C%5CnewVoice%7B%5CclefPercussion%5Ctime2/4%5C,nss551
http://dbpedia.org/property/recent10YearServicemen(%23OfGames),nsi752
http://dbpedia.org/property/20040726,nss224
http://dbpedia.org/property/seeAlso%3F,nss312
http://www.w3.org/2002/07/owl#,owl
http://dbpedia.org/property/location/,nss321
http://dbpedia.org/property/yg,,nss184
http://dbpedia.org/property/viceChairman,,nss202
http://dbpedia.org/property/useEw%25,nss259
http://dbpedia.org/property/union(s),nsi850
http://dbpedia.org/property/populationTotal(2008Year),nsi936
http://dbpedia.org/property/musicDirectorDesignate(fromAugust2020),nsi620
http://dbpedia.org/property/oilProductionM3/,nss227
http://dbpedia.org/property/4.54.,nsi838
http://dbpedia.org/property/''family'',nsi889
http://dbpedia.org/property/riboflavin(b2),nsi900
http://dbpedia.org/property/best&,nss556
http://dbpedia.org/property/crdoba%3C,nss70
http://dbpedia.org/property/previousName(s),nsi689
http://dbpedia.org/property/tt6873546/%3F,nss505
http://dbpedia.org/property/locationWashington,,nsi619
http://dbpedia.org/property/cityAdministrator/,nss539
http://dbpedia.org/property/disp/,nss555
http://dbpedia.org/property/currentCeo/,nss369
http://dbpedia.org/property/+%3Cnowiki%3E,nss518
http://dbpedia.org/property/8000,nss432
http://dbpedia.org/property/personages(longList),nsi822
http://dbpedia.org/property/leagueChampions(sojhl),nsi915
http://dbpedia.org/property/children(s),nsi829
http://dbpedia.org/property/magnesium(inMg),nsi951
http://dbpedia.org/property/str%3Cnowiki%3E,nss410
http://dbpedia.org/property/1849,nss140
http://dbpedia.org/property/wingLoadingKg/,nss288
http://dbpedia.org/property/his/,nss587
http://dbpedia.org/property/chiefJusticeOfThePeople',nsi934
http://dbpedia.org/property/aux%7BaZ%7D,nss55
http://dbpedia.org/property/amsVotes%25,nss266
http://dbpedia.org/property/chairman(mayor),nsi877
http://xmlns.com/foaf/0.1/,nss6
http://dbpedia.org/property/basis&nbsp;&nbsp;&nbsp;&nbsp;,nsi761
http://dbpedia.org/property/volcanicArc/,nss214
http://dbpedia.org/property/250,nss45
http://dbpedia.org/property/additionalMusic,,nss571
http://dbpedia.org/property/captain(men),nsi816
http://dbpedia.org/property/founder/,nss491
http://dbpedia.org/property/creator/,nss348
http://dbpedia.org/property/founder',nsi611
http://purl.org/dc/terms/,nss349
http://dbpedia.org/property/founder&,nss279
http://dbpedia.org/property/ship's(fake),nsi842
http://dbpedia.org/property/sclati+,nss238
http://dbpedia.org/property/penaltyscore+42,nss439
http://dbpedia.org/property/written/,nss170
http://dbpedia.org/ontology/SpaceMission/,nsi604
http://dbpedia.org/property/joinconcurrence/,nss346
http://dbpedia.org/property/visitors/,nss207
http://www.w3.org/2001/XMLSchema#,xsd
http://dbpedia.org/ontology/Person/,nsi601
http://dbpedia.org/property/165IsHasmonean/hellenistic,OffByAlmostExactly1Century,AsPompeyArrivedIn63Bce.Typo,OrForgotToMentionHasmonean%3FOrIsItAMatterOfMisunderstoodJordanian%22patriotism%22(,nsi920
http://dbpedia.org/property/rv/,nss64
http://dbpedia.org/property/1p&nbsp;,nss338
http://dbpedia.org/property/nationaltraining&,nss534
http://dbpedia.org/property/demonym(s),nsi707
http://dbpedia.org/property/frp/,nss315
http://dbpedia.org/property/frp/h/krf/,nss442
http://dbpedia.org/property/h/krf/sp/,nss163
http://dbpedia.org/property/risk/,nss192
http://dbpedia.org/ontology/SpaceStation/,nsi609
http://dbpedia.org/property/c6+,nss203
http://dbpedia.org/property/poll%23,nss386
http://dbpedia.org/property/theLatterSeemsToBeATranscriptionMistake,,nss448
http://dbpedia.org/property/tieW/,nss307
http://dbpedia.org/property/noteMid!,nsi805
http://dbpedia.org/property/ps/,nss417
http://dbpedia.org/property/footerAlign%5D,nss217
http://dbpedia.org/property/*%22kaadh%22%3Cnowiki%3E,nsi806
http://dbpedia.org/property/asian%25,nss425
http://dbpedia.org/property/keyPeople(fsu),nsi788
http://dbpedia.org/property/class(es),nsi650
http://dbpedia.org/property/marketing&,nss493
http://www.w3.org/1999/02/22-rdf-syntax-ns#,rdf
http://dbpedia.org/property/clubs&,nss289
http://dbpedia.org/property/minorReverseSubstrate(s),nsi790
http://dbpedia.org/ontology/Building/,nsi598
http://dbpedia.org/property/illustration(s),nsi774
http://dbpedia.org/property/fuelConsumptionKg/,nss419
http://dbpedia.org/property/niacin(pp),nsi898
http://dbpedia.org/property/date,,nsi852
http://dbpedia.org/property/youth',nsi910
http://dbpedia.org/property/date+,nss418
http://dbpedia.org/property/grk%23,nss589
http://dbpedia.org/property/nombreD',nsi617
http://dbpedia.org/property/catchphrase(s),nsi798
http://dbpedia.org/property/%3Cnowiki%3E,nss30
http://dbpedia.org/property/cyl%3Cnowiki%3E,nss265
http://dbpedia.org/property/zinc(inMg),nsi961
http://dbpedia.org/property/currentOwner%3F,nss280
http://dbpedia.org/property/gr12%23,nss436
http://www.w3.org/2003/01/geo/wgs84_pos#,nss8
http://dbpedia.org/property/fem%23,nss378
http://dbpedia.org/property/engine(jet),nsi661
http://dbpedia.org/property/%7B,nss138
http://dbpedia.org/property/alternativeTitle(s),nsi699
http://dbpedia.org/property/country/,nss521
http://dbpedia.org/property/origins',nsi618
http://dbpedia.org/property/(X,Y),nsi863
http://dbpedia.org/property/wsaMostRecentChampion(s),nsi649
http://dbpedia.org/ontology/Weapon/,nsi595
http://dbpedia.org/property/eddyOyarzbal(per),nsi621
http://dbpedia.org/property/minorForwardSubstrate(s),nsi638
http://dbpedia.org/property/6000,nss403
http://dbpedia.org/property/men's7',nsi779
http://dbpedia.org/property/leadingbogie/,nss127
http://dbpedia.org/property/ap/,nss107
http://dbpedia.org/property/phosphorus(inMg),nsi955
http://dbpedia.org/property/nationalcaps(goals),nsi673
http://dbpedia.org/property/birthDate(nepali),nsi688
http://dbpedia.org/property/white%25,nss242
http://dbpedia.org/property/authors(s),nsi679
http://dbpedia.org/property/2004Icapps(points),nsi762
http://dbpedia.org/property/change(16),nsi759
http://dbpedia.org/property/crew(21November1916),nsi791
http://dbpedia.org/property/c2+,nss161
http://dbpedia.org/property/kgfWalthamAbbey,,nss359
http://dbpedia.org/property/thiamin(inMg),nsi958
http://dbpedia.org/property/mostGoals(club),nsi634
http://dbpedia.org/property/name(s),nsi854
http://dbpedia.org/property/calculatedFromLengthData(dem3%22)FromViewfinderPanoramas.%3C,nsi734
http://dbpedia.org/property/child(children),nsi742
http://dbpedia.org/property/series%23,nss285
http://dbpedia.org/property/coaches',nsi629
http://dbpedia.org/property/cdiz%3C,nss320
http://www.w3.org/2004/02/skos/core#,nss5
http://dbpedia.org/property/socialMedia(instagram),nsi597
http://dbpedia.org/property/deathDate/,nss452
http://dbpedia.org/property/shipElectronicWarfare&,nss336
http://dbpedia.org/property/w/l/,nss475
http://dbpedia.org/property/primaryMembers(%3E25%25),nsi605
http://dbpedia.org/property/colorb%23,nss272
http://dbpedia.org/property/theTrueSelfIsItselfJustThatPureConsciousness,WithoutWhichNothingCanBeKnownInAnyWay.(...)AndThatSameTrueSelf,PureConsciousness,IsNotDifferentFromTheUltimateWorldPrinciple,Brahman&nbsp;(...)Brahman(%3Cnowiki%3E,nsi655
http://dbpedia.org/property/isThisSimplyARepeatOfAPointMadeByThePreviousSentence%3F,nss408
http://dbpedia.org/property/247,nss31
http://dbpedia.org/property/bench2F/,nss415
http://dbpedia.org/property/20041203,nss500
http://dbpedia.org/property/workingPresident',nsi599
http://dbpedia.org/property/org/,nss487
http://dbpedia.org/property/highestGoverningBody(s),nsi722
http://dbpedia.org/property/doctoralStudent(s),nsi826
http://dbpedia.org/property/advertising/,nss526
http://dbpedia.org/property/currentOperator(s),nsi596
http://dbpedia.org/property/mliLokallag/,nss286
http://dbpedia.org/property/no%3Cnowiki%3E,nss46
http://dbpedia.org/property/chargD',nsi690
http://dbpedia.org/property/allstars/,nss499
http://dbpedia.org/property/editor&,nss444
http://dbpedia.org/property/worlds(iam),nsi686
http://dbpedia.org/property/%3C,nss85
http://dbpedia.org/property/.%22%7D,nss412
http://dbpedia.org/property/editor/,nss347
http://dbpedia.org/property/wsopMoneyFinish(es),nsi809
http://dbpedia.org/property/bench2G/,nss363
http://dbpedia.org/property/506315,nss345
http://dbpedia.org/property/pushpinMapsize%60,nss281
http://dbpedia.org/property/written/composedByCharlesCalhoun;,nss513
http://dbpedia.org/property/height(ft),nsi669
http://dbpedia.org/property/chief',nsi748
http://dbpedia.org/property/nameOfTheCurrentMla',nsi613
http://dbpedia.org/property/total%23,nss128
http://dbpedia.org/property/useFr%25,nss391
http://dbpedia.org/property/colord%23,nss77
http://dbpedia.org/property/tours(points),nsi674
http://dbpedia.org/property/formerRestaurant(s),nsi890
http://dbpedia.org/property/seats(wards),nsi810
http://dbpedia.org/property/clapps(points),nsi644
http://dbpedia.org/property/aren'tThe%22threeOrchestras%22TheSameAsThe3%22ensembles%22%3FProbablyNotQuite,MaybeTheOther3ListedBelowAs%22performingEnsembles%22,nsi893
http://dbpedia.org/property/moreThan20KilometersAwayComparedToTheAverageDensityOfTheEarth,AccordingToGeonames.%3C,nss208
http://dbpedia.org/property/multiMode,Hp,Lp,Bp,,nss430
http://dbpedia.org/property/%3F,nss548
http://dbpedia.org/property/mother',nsi845
http://dbpedia.org/property/calculatedFromTheContentionOfAllLengthData(dem3%22)FromViewfinderPanoramas,WithinA10KilometerRadius.%3C,nsi735
http://dbpedia.org/property/hashtag,%23,nss524
http://dbpedia.org/property/%5C,nss572
http://dbpedia.org/property/typicalInternationalNumberFormat(landline),nsi916
http://dbpedia.org/property/diskLoadingKg/,nss531
http://dbpedia.org/property/villian(s),nsi831
http://dbpedia.org/property/chairmanOfThePeople',nsi933
http://dbpedia.org/property/std/,nss11
http://dbpedia.org/property/constituency/,nss377
http://dbpedia.org/property/usnwr(2022),nsi942
http://dbpedia.org/property/leaderNameJosAprgioDaSilva(aprgio),nsi913
http://dbpedia.org/property/dismantled/,nss131
http://dbpedia.org/property/cost(concession),nsi702
http://dbpedia.org/property/exemplar(s),nsi766
http://dbpedia.org/property/%60,nss120
http://dbpedia.org/property/100s/50,nss467
http://dbpedia.org/property/bodyStyle(s),nsi659
http://dbpedia.org/property/markBrady,MurtDoyle,,nss577
http://dbpedia.org/property/awards,6,nss300
http://dbpedia.org/property/gameW/,nss558
http://dbpedia.org/property/fe++,nss18
http://dbpedia.org/property/2013&2014,nss575
http://dbpedia.org/property/currenttours(currentpoints),nsi675
http://dbpedia.org/property/league(s),nsi642
http://dbpedia.org/property/gr8%23,nss538
http://dbpedia.org/ontology/,nss3
http://dbpedia.org/property/placeofburial+,nss480
http://dbpedia.org/property/nickname(s),nsi641
http://dbpedia.org/property/father',nsi844
http://dbpedia.org/property/father,,nss262
http://dbpedia.org/property/male%23,nss210
http://dbpedia.org/property/athletes',nsi628
http://dbpedia.org/property/2%5D%5D%3Cbr/%3E%3C,nss246
http://dbpedia.org/property/health,Education,,nss108
http://dbpedia.org/property/multi%25,nss303
http://www.wikidata.org/entity/,nss1
http://dbpedia.org/property/20010418,nss437
http://dbpedia.org/property/men',nsi625
http://dbpedia.org/property/spouse(former),nsi901
http://dbpedia.org/property/deaths(official),nsi781
http://dbpedia.org/property/keyPeople(executiveCommittee),nsi776
http://dbpedia.org/property/length!,nsi749
http://dbpedia.org/ontology/Lake/,nsi606
http://dbpedia.org/property/desertLions/,nss189
http://dbpedia.org/property/productionGasBcm/,nss73
http://dbpedia.org/property/plus/,nss586
http://dbpedia.org/property/chairman(notAllListed),nsi848
http://dbpedia.org/property/typicalLocalNumberFormat(mobile),nsi919
http://dbpedia.org/property/%22fireRehab%22,nss517
http://dbpedia.org/property/shipSpeed/,nss580
http://dbpedia.org/property/company,Manufacturer,,nss549
http://dbpedia.org/property/a&,nss84
http://dbpedia.org/property/2012,nss296
http://dbpedia.org/property/2011,nss33
http://dbpedia.org/property/2010,nss123
http://dbpedia.org/property/gr10%23,nss560
http://dbpedia.org/property/dlf/krf/sp/,nss522
http://dbpedia.org/property/useAb%25,nss530
http://dbpedia.org/property/2016,nss14
http://dbpedia.org/property/2015,nss61
http://dbpedia.org/property/2014,nss40
http://dbpedia.org/property/2013,nss159
http://dbpedia.org/property/2019,nss144
http://dbpedia.org/property/2018,nss38
http://dbpedia.org/property/fpv%25,nss516
http://dbpedia.org/property/2017,nss199
http://dbpedia.org/property/telephoneCode/,nss332
http://dbpedia.org/property/headOfDigital&,nss476
http://dbpedia.org/property/unaffiliated/,nss334
http://dbpedia.org/property/isoCode+,nss365
http://dbpedia.org/property/otherName(s),nsi662
http://dbpedia.org/property/ben/,nss552
http://dbpedia.org/property/theEquivalentDepthEdOfARingIsDefinedAsAnIntegralOfTheNormalOpticalDepthAcrossTheRing.InOtherWords%3Cnowiki%3E,nss158
http://dbpedia.org/ontology/Engine/,nsi603
http://dbpedia.org/property/vicePresident/,nss474
http://dbpedia.org/property/which3%3FSToN,,nss573
http://dbpedia.org/property/2020/,nss330
http://dbpedia.org/property/teammanager(s),nsi612
http://dbpedia.org/property/owner/,nss422
http://dbpedia.org/property/2023,nss41
http://dbpedia.org/property/2022,nss188
http://dbpedia.org/property/islands/,nss511
http://dbpedia.org/property/input/,nss24
http://dbpedia.org/property/2021,nss68
http://dbpedia.org/property/2020,nss319
http://dbpedia.org/property/village/,nss413
http://dbpedia.org/property/2026,nss221
http://dbpedia.org/property/2025,nss374
http://dbpedia.org/property/2024,nss482
http://dbpedia.org/property/peakOfProductionOilBbl/,nss582
http://dbpedia.org/property/athlete',nsi621
http://dbpedia.org/property/weight(lb),nsi671
http://dbpedia.org/property/densitAbitativa(abitanti/kmq),nsi678
http://dbpedia.org/property/%23,nss97
http://dbpedia.org/property/hisp%25,nss407
http://dbpedia.org/property/a/,nss544
http://dbpedia.org/property/q3''',nsi630
http://dbpedia.org/property/son',nsi812
http://dbpedia.org/property/jetOrProp%3F,nss483
http://dbpedia.org/property/riding%25,nss541
http://dbpedia.org/property/chairman(seniorDivision),nsi939
http://dbpedia.org/property/memberOfLegislativeAssembly(mla),nsi680
http://dbpedia.org/property/mayor,,nss185
http://dbpedia.org/property/parent(s),nsi869
http://dbpedia.org/property/enChildhoodDisintegrativeDisorder%3F,nss328
http://dbpedia.org/property/allLyrics&,nss514
http://dbpedia.org/property/wctMen',nsi820
http://dbpedia.org/property/domesticCup(s),nsi603
http://dbpedia.org/property/realGrossDomesticIncome(gdi),nsi773
http://dbpedia.org/property/pseudonym(s),nsi892
http://dbpedia.org/property/manuscript(s),nsi687
http://dbpedia.org/property/slides&,nss135
http://dbpedia.org/property/mla',nsi614
http://dbpedia.org/property/perfectFailure%25,nss443
http://dbpedia.org/property/lobbyist&,nss463
http://dbpedia.org/property/800,nss218
http://dbpedia.org/property/x%25,nss457
http://dbpedia.org/property/f/,nss323
http://dbpedia.org/property/h/,nss136
http://dbpedia.org/property/drf/,nss389
http://dbpedia.org/property/sparham%22tsongkhapaDoesNotAcceptSvtantra(autonomous)Reasoning(theFourthPoint).HeAssertsThatItIsEnough,WhenProvingThatAnyGivenSubjectIsEmptyOfIntrinsicExistence,ToLeadTheInterlocutor,ThroughReasoning,ToTheUnwelcomeConsequences(prasaga)InTheirOwnUntenablePosition;ItIsNotNecessaryToDemonstrateTheThesisBasedOnReasoningThatPresupposesAnySortOfIntrinsic(%3Cnowiki%3E,nsi911
http://dbpedia.org/property/madh',nsi595
http://dbpedia.org/property/re;,nss295
http://dbpedia.org/property/highestranking(iam),nsi684
http://dbpedia.org/property/season2007/,nss455
http://dbpedia.org/property/!,nss178
http://dbpedia.org/property/theCompleteUniversityGuideUniversityRanking(uk),nsi941
http://dbpedia.org/property/hdi(2019),nsi945
http://dbpedia.org/property/.,nss230
http://dbpedia.org/property/colapps(points),nsi645
http://dbpedia.org/property/(,nsi608
http://dbpedia.org/property/service/,nss126
http://dbpedia.org/property/+,nss579
http://dbpedia.org/property/*,nsi713
http://dbpedia.org/property/5,nss62
http://dbpedia.org/property/aunts/,nss542
http://dbpedia.org/property/4,nss29
http://dbpedia.org/property/aka/,nss75
http://dbpedia.org/property/7,nss106
http://dbpedia.org/property/6,nss63
http://dbpedia.org/property/1,nss17
http://dbpedia.org/property/grpk%23,nss125
http://dbpedia.org/property/0,nss216
http://dbpedia.org/property/3,nss44
http://dbpedia.org/ontology/MeanOfTransportation/,nsi596
http://dbpedia.org/property/2,nss21
http://dbpedia.org/property/g/,nss416
http://dbpedia.org/property/rd%22,nss111
http://dbpedia.org/property/nevertheless,AccordingToBasuEtAl.(2016),TheAaaWereEarlySettlersInIndia,RelatedToTheAsi%22theAbsenceOfSignificantResemblanceWithAnyOfTheNeighboringPopulationsIsIndicativeOfTheAsiAndTheAaaBeingEarlySettlersInIndia,PossiblyArrivingOnThe%22southernExit%22WaveOutOfAfrica.DifferentiationBetweenTheAsiAndTheAaaPossiblyTookPlaceAfterTheirArrivalInIndia(admixtureAnalysisWithK%3Cnowiki%3E,nsi881
http://dbpedia.org/property/populationTotal(aprx),nsi927
http://dbpedia.org/property/parents',nsi801
http://dbpedia.org/property/hdi(2018),nsi709
http://dbpedia.org/property/riboflavin(inMg),nsi956
http://dbpedia.org/property/pCode(placeCode),nsi856
http://dbpedia.org/property/debutmo%23,nss388
http://dbpedia.org/property/%3Cbig%3E,nss205
http://dbpedia.org/property/juz',nsi667
http://dbpedia.org/property/presentus$,nsi737
http://dbpedia.org/property/in%3F,nss547
http://dbpedia.org/property/concur/,nss169
http://dbpedia.org/property/thrust/,nss151
http://dbpedia.org/property/regionallyDominantLanguagesThatFormTheMainNarrativesAndNarrativesThatDetermineThePolitical,,nss385
http://dbpedia.org/property/rival(s),nsi606
http://dbpedia.org/property/station+,nss353
http://dbpedia.org/property/''Ie''ThePartiesReciteEachVowInBothLanguages%3F7StepsX2PartiesX2Language,,nsi799
http://dbpedia.org/property/postCode(city),nsi828
http://dbpedia.org/property/child(ren),nsi598
http://dbpedia.org/property/bls,Als,,nss89
http://dbpedia.org/property/name05/,nss162
http://dbpedia.org/property/ek%3Cnowiki%3E,nss309
http://dbpedia.org/property/towns/,nss440
http://dbpedia.org/property/typicalFailure%25,nss453
http://dbpedia.org/property/ship',nsi872
http://dbpedia.org/property/clan(s),nsi646
http://dbpedia.org/property/rake&,nss490
http://dbpedia.org/property/primeUnits%3F,nss155
http://dbpedia.org/property/populationDensityK,,nsi914
http://dbpedia.org/property/lastBest&,nss197
http://dbpedia.org/property/k/,nss220
http://dbpedia.org/property/krf/,nss263
http://dbpedia.org/property/%22a+.*%22,nsi860
http://dbpedia.org/property/leaderName1(derik),nsi765
http://dbpedia.org/property/%3Cnowiki%3E%22,nss340
http://dbpedia.org/property/nat%25,nss32
http://dbpedia.org/property/builtR,,nss502
http://dbpedia.org/property/illumination(s),nsi681
http://dbpedia.org/property/squadrons/,nss181
http://dbpedia.org/property/laRioja%3C,nss28
http://dbpedia.org/property/unit/,nss471
http://dbpedia.org/property/5.05.,nsi833
http://dbpedia.org/property/frp/h/,nss209
http://dbpedia.org/property/election(s),nsi902
http://dbpedia.org/property/partyterms%23,nss232
http://dbpedia.org/property/h/krf/,nss489
http://dbpedia.org/property/wingLoadingLb/,nss519
http://dbpedia.org/property/populationTotal(3500),nsi878
http://dbpedia.org/property/lsd/,nss57
http://dbpedia.org/property/l/,nss581
http://dbpedia.org/property/huelva%3C,nss270
http://dbpedia.org/property/manganese(inMg),nsi952
http://dbpedia.org/property/kick/,nss258
http://dbpedia.org/property/operatingSystem(s),nsi607
http://dbpedia.org/property/owner(s),nsi760
http://dbpedia.org/property/repterms%23,nss566
http://dbpedia.org/property/wars/,nss478
http://dbpedia.org/property/totalNo.OfHouse',nsi796
http://dbpedia.org/ontology/Astronaut/,nsi607
http://dbpedia.org/property/altcaptain(s),nsi593
http://dbpedia.org/property/%22senior%22,nss277
http://dbpedia.org/property/head/,nss268
http://dbpedia.org/property/typeMatchingWithVariableBinding%3C,nss588
http://dbpedia.org/property/shipArmament(lsh),nsi794
http://dbpedia.org/property/9,nss25
http://dbpedia.org/property/8,nss43
http://dbpedia.org/property/concurrence/,nss117
http://dbpedia.org/property/'',nsi871
http://dbpedia.org/property/donald(flashWwii),nsi769
http://dbpedia.org/property/name,,nsi825
http://dbpedia.org/property/&nbsp;name&nbsp;&nbsp;&nbsp;,nsi823
http://dbpedia.org/property/populationAsOf2,,nsi698
http://dbpedia.org/property/@,nss264
http://dbpedia.org/property/extraColumn%3CeraseThisAfterFindTheProducers%3E,nss449
http://dbpedia.org/property/espn+,nss337
http://dbpedia.org/property/haw%25,nss275
http://dbpedia.org/property/partyterm%23,nss433
http://dbpedia.org/property/lengthFast/,nss383
http://dbpedia.org/property/piano,,nss498
http://dbpedia.org/property/9.0+,nss537
http://dbpedia.org/property/reactionDirection(forward/reversible/reverse),nsi614
http://dbpedia.org/property/engineManufacturer.AbbreviationsAsFollowsAllaire%3Cnowiki%3E,nss254
http://dbpedia.org/property/deaths(unofficial),nsi782
http://dbpedia.org/property/townNickname(s),nsi756
http://dbpedia.org/property/kasia))%3FMaKota%22,nsi865
http://dbpedia.org/property/partyThatOrderedTheShip.ThisIsUsuallyTheOwnerButIsSometimesTheOperator,OrAnAgentOfEither.ContemporaneousNewspaperSourcesRarelyStateToWhichCategoryANamedPartyBelongs.AbbreviationsInThisColumnRr%3Cnowiki%3E,nss396
http://dbpedia.org/property/telescope%3Csub%3E1%3C/sub%3E,nss251
http://dbpedia.org/property/bishopGaetanoAldo(thomas),nsi785
http://dbpedia.org/property/(old),nsi841
http://dbpedia.org/property/shanghai',nsi868
http://dbpedia.org/property/american/,nss376
http://dbpedia.org/property/occupancy(%25),nsi887
http://dbpedia.org/property/allSonicCafeGames,,nss110
http://dbpedia.org/property/women',nsi626
http://dbpedia.org/property/ko/,nss79
http://dbpedia.org/property/usnwrg(partTimeMba),nsi847
http://dbpedia.org/property/4.04.,nsi837
http://dbpedia.org/property/''starhorse3SeasonIANewLegendBegins''*FiscalYearEndedMarch201210.1&nbsp;billion*1stQuarterEnded30June20120.5&nbsp;billion*CurrencyConversion**10.1,nsi696
http://dbpedia.org/property/est%5D%5D,nss193
http://dbpedia.org/property/speed1Km/,nss143
http://dbpedia.org/property/''',nsi636
http://dbpedia.org/property/nickname/,nss76
http://dbpedia.org/property/2001,nss297
http://dbpedia.org/property/2000,nss52
http://dbpedia.org/property/french/,nss506
http://dbpedia.org/property/2005,nss536
http://dbpedia.org/property/2004,nss121
http://dbpedia.org/property/directorOfExternalAffairs,Communication,,nss132
http://dbpedia.org/property/2003,nss267
http://dbpedia.org/property/setW/,nss400
http://dbpedia.org/property/2002,nss399
http://dbpedia.org/property/2009,nss37
http://dbpedia.org/property/2008,nss177
http://dbpedia.org/property/aangonX',nsi928
http://dbpedia.org/property/2007,nss318
http://dbpedia.org/property/2006,nss103
http://dbpedia.org/property/gs1GtinPrefix(es),nsi757
http://dbpedia.org/property/averageAnnualRainfall(mm),nsi857
http://dbpedia.org/property/shipArmament(amc),nsi793
http://dbpedia.org/property/shipBoats&,nss168
http://dbpedia.org/property/maximaleStauhhe(planned),nsi784
http://dbpedia.org/ontology/Software/,nsi602
http://dbpedia.org/property/mascot(s),nsi867
http://dbpedia.org/property/klostermaier%22''brahman'',DerivedFromTheRoot''bh''%3Cnowiki%3E,nsi800
http://dbpedia.org/property/nagari/,nss488
http://dbpedia.org/property/m&,nss343
http://purl.org/dc/elements/1.1/,nsi591
http://dbpedia.org/property/subdivisionGhoradongri%5D%5D,nss429
http://dbpedia.org/property/domain(s),nsi663
http://dbpedia.org/ontology/Infrastructure/,nsi594
http://dbpedia.org/property/cinematographer/,nss235
http://dbpedia.org/property/home&,nss341
http://dbpedia.org/property/schoolSaintJoseph'sPrimarySchoolBarnoldswick,,nsi615
http://dbpedia.org/property/officialNameInTurkish(smedovak),nsi904
http://dbpedia.org/property/14441477,nss451
http://dbpedia.org/property/yr%3Cnowiki%3E,nss507
http://dbpedia.org/property/startyr+,nss466
http://dbpedia.org/property/rotational+,nss269
http://dbpedia.org/property/population(2010Census),nsi777
http://dbpedia.org/property/pfa,,nss27
http://dbpedia.org/property/votes%25,nss219
http://dbpedia.org/property/4%5D%5D%3Cbr/%3E%3C,nss503
http://dbpedia.org/property/tc',nsi620
http://dbpedia.org/property/weight,,nss69
http://dbpedia.org/property/useUs%25,nss583
http://dbpedia.org/property/guest(s),nsi617
